X,Y,gid,Name,description
-64.752960350501,-24.0248996456823,1,,
-65.1744236953631,-23.9961651071941,2,,
-65.7282160708634,-24.1755132645758,3,,
-65.6752047386288,-23.1148567299133,4,,
-65.3464589945293,-23.5687352071137,5,,
-64.3643385272728,-24.1793996758264,6,,
-66.3548588835062,-23.216229804498,7,,
-65.3605295614511,-22.5470662901932,8,,
